doc_id,canonical,raw,type,mentions,kind,context
doc-0001,AS 25.24.200,AS 25.24.200,statute,3,same section keyed with a different subsection,"f custody, support, property division, and debt allocation. AS 25.24.200; AS 25.24.220. The paramount consideration in all custody "
doc-0001,civ 90.3(a),Civil Rule 90.3(a)(2),rule,14,same section keyed with a different subsection,"907(a)(2). For two children, that percentage is 27 percent. Civil Rule 90.3(a)(2)(B). The definitions of physical custody arrangements are se"
doc-0001,civ 90.3(b),Civil Rule 90.3(b),rule,2,same section keyed with a different subsection,"ildren's direct expenses, the Court retains authority under Civil Rule 90.3(b) to apply the shared custody formula. Under Civil Rule 90.3("
doc-0005,AS 25.24.150(c),AS 25.24.150(c),statute,7,same section keyed with a different subsection,Interests of the Children The best interests factors under AS 25.24.150(c) weigh in favor of granting Marcus primary physical custody 
doc-0005,AS 25.20.090,AS 25.20.090,statute,1,same section keyed with a different subsection,he best interests factors enumerated in AS 25.24.150(c) and AS 25.20.090 weigh strongly in favor of granting Marcus Nakamura primary
doc-0005,civ 90.3(b),Civil Rule 90.3(b),rule,1,same section keyed with a different subsection,"tion of child support consistent with Civil Rule 90.3(a) or Civil Rule 90.3(b), as applicable; and 6. Grant such other and further relief"
doc-0009,civ 90.3(c),Civil Rule 90.3(c)(1),rule,3,same section keyed with a different subsection,pendent Basis for Modification and Support a Variance Under Civil Rule 90.3(c)(1). The younger child's recent diagnosis of a developmental d
doc-0010,civ 90.3(a),Civil Rule 90.3(a),rule,9,same section keyed with a different subsection,90.3(a) BASED ON MICHAEL'S CURRENT ADJUSTED ANNUAL INCOME. Civil Rule 90.3(a) sets forth the method for calculating child support when on
doc-0010,386 P.3d 1238,"Shanigan v. Shanigan, 386 P.3d 1238 (Alaska 2017)",case,1,authority not in key for this document,"in circumstances. As the Alaska Supreme Court recognized in Shanigan v. Shanigan, 386 P.3d 1238 (Alaska 2017), a material change of circumstances is presumed when child "
doc-0011,AS 25.24.969(2),AS 25.24.969(2),statute,1,same section keyed with a different subsection,rly allocate the economic effect of dissolution pursuant to AS 25.24.969(2). IV. ARGUMENT A. THE COURT SHOULD AWARD JOINT LEGAL CUSTO
doc-0011,AS 25.24.160(a),AS 25.24.160(a)(4),statute,3,same section keyed with a different subsection,"of marital property in an Alaska dissolution is governed by AS 25.24.160(a)(4), which requires the Court to divide property in a just mann"
doc-0011,civ 90.3(d),Civil Rule 90.3(d)(1)(i),rule,6,same section keyed with a different subsection,parent at a reasonable cost and accessible to the children. Civil Rule 90.3(d)(1)(i) establishes a rebuttable presumption that the cost of healt
doc-0013,civ 90.3(a),Civil Rule 90.3(a)(1),rule,6,same section keyed with a different subsection, that support. Alaska law is clear: they must be included. Civil Rule 90.3(a)(1) defines adjusted annual income as the parent's total income
doc-0014,civ 90.3,Civil Rule 90.3,rule,3,same section keyed with a different subsection, contends that Michael's income warrants application of the Civil Rule 90.3 guidelines in a manner that accounts for Michael's superior
doc-0014,civ 90.3(a),Civil Rule 90.3(a),rule,6,same section keyed with a different subsection,"king primary physical custody, child support is governed by Civil Rule 90.3(a), which provides that ""a child support award in a case in wh"
doc-0016,AS 25.24.908(a),AS 25.24.908(a)(2),statute,1,same section keyed with a different subsection,division must take into consideration the factors listed in AS 25.24.908(a)(2) and (4) so that the economic effect of dissolution is fairl
doc-0016,AS 25.24.986(4),AS 25.24.986(4),statute,1,same section keyed with a different subsection,"ology where applicable. With respect to property division, AS 25.24.986(4) requires that the division of property be just and fairly a"
doc-0016,AS 25.24.905(2),AS 25.24.905(2),statute,1,same section keyed with a different subsection,"ILDREN AND SATISFIES THE REQUIREMENTS OF ALASKA LAW. Under AS 25.24.905(2), the Court must determine whether the written agreements be"
doc-0016,AS 25.24.160,AS 25.24.160,statute,1,authority not in key for this document,RLY ALLOCATES THE ECONOMIC EFFECT OF THIS DISSOLUTION UNDER AS 25.24.160. The parties acquired the Eagle River home jointly during 
doc-0016,AS 25.24.160(a),AS 25.24.160(a)(4),statute,4,authority not in key for this document,e each party with an equal division of the marital equity. AS 25.24.160(a)(4) requires that the division of property fairly allocate the 
doc-0016,AS 25.24.220(d),AS 25.24.220(d)(3),statute,2,same section keyed with a different subsection,o provide the Court a sufficient basis for its review under AS 25.24.220(d)(3). The Alaska Supreme Court has confirmed that trial courts 
doc-0017,AS 25.24.987(1),AS 25.24.987(1),statute,1,same section keyed with a different subsection,"emperament, satisfying the threshold condition set forth in AS 25.24.987(1). The parties have reached a tentative settlement agreement"
doc-0017,AS 25.24.200(a),AS 25.24.200(a),statute,11,same section keyed with a different subsection,"II. LEGAL STANDARD A. Governing Dissolution Statute Under AS 25.24.200(a), a husband and wife may jointly petition for dissolution of"
doc-0017,AS 25.24.905(3),AS 25.24.905(3),statute,1,same section keyed with a different subsection,"t. Because the parties have a minor child of the marriage, AS 25.24.905(3) requires the Court to apply a heightened level of scrutiny "
doc-0017,AS 25.24.220(h),AS 25.24.220(h),statute,3,same section keyed with a different subsection,"iage. Under AS 25.24.949, where the petition is subject to AS 25.24.220(h), the Court may grant a final decree upon finding, among oth"
doc-0023,AS 25.24.919(4),AS 25.24.919(4),statute,1,same section keyed with a different subsection,"of the divorce based on the statutory factors enumerated in AS 25.24.919(4), which include the length of the marriage and station in li"
doc-0023,AS 25.24.160(a),AS 25.24.160(a)(4),statute,10,same section keyed with a different subsection,"ty, but the marital increment must be allocated equitably. AS 25.24.160(a)(4) directs the Court to divide ""property, including retirement"
doc-0023,civ 90.3(a),Civil Rule 90.3(a)(1),rule,10,same section keyed with a different subsection,number of children. Adjusted annual income is defined under Civil Rule 90.3(a)(1) as the parent's total income from all sources minus specifi
doc-0023,141 P.3d 324,"Odom v. Odom, 141 P.3d 324 (Alaska 2006)",case,2,authority not in key for this document," unequal division of the marital estate may be appropriate. Odom v. Odom, 141 P.3d 324 (Alaska 2006). IV. ARGUMENT A. The Portion of Colin's 401(k) Account Ac"
doc-0024,AS 25.24.160,AS 25.24.160,statute,1,same section keyed with a different subsection,ST FAIRLY ALLOCATE THE ECONOMIC EFFECT OF DISSOLUTION UNDER AS 25.24.160. AS 25.24.160(a)(2) authorizes the court to award maintena
doc-0028,AS 25.24.905(4),AS 25.24.905(4),statute,1,same section keyed with a different subsection,"ce"" by consideration of the statutory factors enumerated in AS 25.24.905(4), including the length of the marriage, the earning capacity"
doc-0028,AS 25.24.930(1),AS 25.24.930(1),statute,1,same section keyed with a different subsection," costs. Such contributions are expressly contemplated under AS 25.24.930(1), which authorizes the court to provide for payments ""as may"
doc-0028,AS 25.24.160(a),AS 25.24.160(a)(4),statute,5,same section keyed with a different subsection,"edit card debt must be governed by the factors set forth in AS 25.24.160(a)(4), which directs the court to divide marital property ""in a j"
doc-0030,civ 90.3(a),Civil Rule 90.3(a)(2),rule,9,same section keyed with a different subsection,"aragraph (a)(2)."" For two children, that percentage is 27%. Civil Rule 90.3(a)(2)(B). Civil Rule 90.3(f)(2) defines primary physical custody"
doc-0031,AS 25.24.987(4),AS 25.24.987(4),statute,1,same section keyed with a different subsection," than 70 percent of the year. Regarding property division, AS 25.24.987(4) requires the court to divide property acquired during the m"
doc-0031,AS 25.24.929(2),AS 25.24.929(2),statute,1,same section keyed with a different subsection,capacity and value of the property at the time of division. AS 25.24.929(2) governs spousal maintenance and directs the court to fairly
doc-0031,AS 25.24.150(c),AS 25.24.150(c)(1),statute,8,same section keyed with a different subsection,"e children's day-to-day caregiver throughout the marriage. AS 25.24.150(c)(1) directs the court to consider the physical, emotional, ment"
doc-0031,AS 25.24.160(a),AS 25.24.160(a)(4),statute,10,same section keyed with a different subsection,STATE SHOULD BE DIVIDED EQUITABLY PURSUANT TO AS 25.24.160 AS 25.24.160(a)(4) requires the Court to divide property acquired during the m
doc-0032,AS 25.24.917(1),AS 25.24.917(1),statute,1,same section keyed with a different subsection,"for dissolution, satisfying the threshold requirement under AS 25.24.917(1). Jacob has relocated to Fairbanks, Alaska, for employment "
doc-0032,AS 25.24.200(a),AS 25.24.200(a),statute,5,same section keyed with a different subsection,"s have satisfied each of the four conditions required under AS 25.24.200(a). First, incompatibility of temperament, manifested through "
doc-0032,civ 90.3(a),Civil Rule 90.3(a),rule,7,same section keyed with a different subsection,"l custodian for purposes of child support calculation under Civil Rule 90.3(a). Pursuant to Civil Rule 90.3(a)(2)(B), child support for tw"
doc-0034,AS 25.20.090(6),AS 25.20.090(6),statute,1,same section keyed with a different subsection,ich would be destabilizing for children ages six and nine. AS 25.20.090(6)(E) further requires the court to consider each parent's wil
doc-0034,civ 946(a),Civil Rule 946(a),rule,1,same section keyed with a different subsection,"physical custody arrangement, calculate child support under Civil Rule 946(a), and divide the marital estate in a manner that is fair and"
doc-0036,AS 25.24.200(a),AS 25.24.200(a),statute,4,same section keyed with a different subsection,tered the agreement voluntarily; and that the conditions of AS 25.24.200(a) have been met. See AS 25.24.230(b). Child support is gover
doc-0036,AS 25.24.220(h),AS 25.24.220(h),statute,2,same section keyed with a different subsection,"arties' agreement under the heightened scrutiny required by AS 25.24.220(h) and (i), should find that the custody and parenting time pr"
doc-0037,39 P.3d 513,"Ogden v. Ogden, 39 P.3d 513 (Alaska 2001)",case,1,authority not in key for this document,"dorsed in Hooper v. Hooper, 188 P.3d 681 (Alaska 2008), and Ogden v. Ogden, 39 P.3d 513 (Alaska 2001), the court should structure the overall distribution to ens"
doc-0040,AS 25.24.964(2),AS 25.24.964(2),statute,1,same section keyed with a different subsection,just and must take into consideration the factors listed in AS 25.24.964(2) and (4) so that the economic effect of dissolution is fairl
doc-0040,AS 25.24.160(a),AS 25.24.160(a)(4),statute,9,authority not in key for this document,"lution and take into consideration the factors set forth in AS 25.24.160(a)(4), including the length of the marriage, the age and health o"
doc-0040,AS 25.24.220(d),AS 25.24.220(d),statute,6,same section keyed with a different subsection,urt should proceed to examine the proposed agreements under AS 25.24.220(d). B. THE PROPOSED CUSTODY AND PARENTING TIME ARRANGEMENT IS
doc-0040,AS 25.24.220(i),AS 25.24.220(i),statute,2,same section keyed with a different subsection,ned scrutiny to the agreements under AS 25.24.220(h)(3) and AS 25.24.220(i). The Court should satisfy itself that the custody arrangeme
doc-0043,AS 25.24.150(c),AS 25.24.150(c),statute,10,same section keyed with a different subsection,"sts of the child, considering the nine factors set forth in AS 25.24.150(c), which include: the physical, emotional, mental, religious,"
doc-0043,AS 25.20.060(c),AS 25.20.060(c),statute,1,same section keyed with a different subsection," child's frequent and continuing contact with both parents. AS 25.20.060(c). AS 25.20.070 provides that, absent a showing of detriment "
doc-0046,AS 25.24.150(c),AS 25.24.150(c),statute,7,same section keyed with a different subsection,authority to act. The best interests factors enumerated in AS 25.24.150(c) support an award of joint legal custody with a defined sche
doc-0049,evid 706(a),Alaska R. Evid. 706(a),rule,1,authority not in key for this document,; 5. Consider appointing a neutral custody evaluator under Alaska R. Evid. 706(a) to assist in assessing the best-interest factors; 6. Calcu
doc-0054,civ 90.3(b),Civil Rule 90.3(b),rule,3,same section keyed with a different subsection,"an 70 percent of the year, the shared custody formula under Civil Rule 90.3(b) shall apply. That formula requires calculating what each pa"
doc-0054,civ 90.7(e),Civil Rule 90.7(e),rule,3,authority not in key for this document,the child's best interests would serve the child's welfare. Civil Rule 90.7(e) provides that the guardian ad litem shall represent and adv
doc-0057,AS 25.24.150(c),AS 25.24.150(c),statute,8,same section keyed with a different subsection,"actors, including those factors enumerated in AS 25.24.909. AS 25.24.150(c) directs the court to consider factors including the physica"
doc-0057,AS 25.20.060,AS 25.20.060,statute,2,same section keyed with a different subsection,"dy in accordance with the best interests of the child under AS 25.20.060. The child at issue is now approximately three years old, a"
doc-0058,AS 25.24.150(c),AS 25.24.150(c)(1),statute,9,same section keyed with a different subsection,"at substance abuse directly affects the child's well-being. AS 25.24.150(c)(1)-(9). Importantly, ""neither parent, regardless of the quest"
doc-0058,AS 25.20.060,AS 25.20.060,statute,1,same section keyed with a different subsection,"enee's constitutionally significant parental rights. Under AS 25.20.060, either parent may petition the Superior Court for resoluti"
doc-0059,AS 25.24.150(c),AS 25.24.150(c),statute,6,same section keyed with a different subsection,"ectly affects the child's emotional or physical well-being. AS 25.24.150(c). The Court shall also ensure that, unless it is shown to b"
doc-0059,AS 25.20.060(c),AS 25.20.060(c),statute,1,same section keyed with a different subsection,nts unless such access would be detrimental to her welfare. AS 25.20.060(c) similarly requires that any shared custody arrangement assu
doc-0059,civ 90.3(a),Civil Rule 90.3(a)(2),rule,6,same section keyed with a different subsection,"e percentage. For one child, that percentage is 20 percent. Civil Rule 90.3(a)(2)(A). Under Civil Rule 90.3(f)(1), shared physical custody ex"
doc-0060,AS 25.24.150(c),AS 25.24.150(c),statute,10,same section keyed with a different subsection,irectly affects the child; and any other pertinent factors. AS 25.24.150(c). There is also a rebuttable presumption that a parent with
doc-0060,AS 25.20.060(c),AS 25.20.060(c),statute,2,same section keyed with a different subsection,"rious consideration in custody determinations. Pursuant to AS 25.20.060(c), the Court may award shared custody if it is in Lily's best"
doc-0061,AS 25.24.150(c),AS 25.24.150(c),statute,6,same section keyed with a different subsection,y this gap immediately. B. THE BEST-INTEREST FACTORS UNDER AS 25.24.150(c) STRONGLY FAVOR AN ORDER GRANTING DAVID PRIMARY PHYSICAL CUS
doc-0061,265 P.3d 332,"Sheffield v. Sheffield, 265 P.3d 332 (Alaska 2011)",case,1,authority not in key for this document,"on the child's relationship with the non-relocating parent. Sheffield v. Sheffield, 265 P.3d 332 (Alaska 2011); Bruce H. v. Jennifer L., 407 P.3d 432 (Alaska 2017). Where"
doc-0062,AS 25.24.150(c),AS 25.24.150(c),statute,7,same section keyed with a different subsection,"all relevant factors, including those factors enumerated in AS 25.24.150(c) and the presumption established in AS 25.24.150(g). Neithe"
doc-0062,AS 25.20.060,AS 25.20.060,statute,2,same section keyed with a different subsection,"urisdiction to enter an initial custody determination under AS 25.20.060. Mia has lived with Renee in Anchorage, Alaska since her bi"
doc-0062,AS 25.20.060(c),AS 25.20.060(c),statute,1,same section keyed with a different subsection," that Mia benefits from a relationship with her father, and AS 25.20.060(c) provides that the court shall assure that the child has fre"
doc-0067,civ 90.3(a),Civil Rule 90.3(a),rule,5,same section keyed with a different subsection,support obligation should be established in accordance with Civil Rule 90.3(a). Child support shall be calculated by multiplying Responden
doc-0070,AS 25.24.150(c),AS 25.24.150(c),statute,7,same section keyed with a different subsection,"d's birth. In determining the best interests of the child, AS 25.24.150(c) directs the court to consider, among other factors: the phy"
doc-0070,civ 90.3(a),Civil Rule 90.3(a),rule,4,same section keyed with a different subsection,y of a child support order consistent with the guidelines. Civil Rule 90.3(a) requires that a child support award in a primary physical c
doc-0071,AS 25.24.150(c),AS 25.24.150(c),statute,9,same section keyed with a different subsection,both parents. B. THE RELEVANT BEST INTERESTS FACTORS UNDER AS 25.24.150(c) SUPPORT AN AWARD OF SHARED CUSTODY OR SUBSTANTIAL PARENTING
doc-0073,civ 90.3(a),Civil Rule 90.3(a)(2),rule,2,same section keyed with a different subsection,"parent multiplied by the applicable percentage set forth in Civil Rule 90.3(a)(2). Where both parents are awarded shared physical custody, me"
doc-0073,civ 90.3(f),Civil Rule 90.3(f)(2),rule,2,same section keyed with a different subsection,"h is awarded primary physical custody within the meaning of Civil Rule 90.3(f)(2), meaning Maya resides with Priya for less than thirty perce"
doc-0073,civ 90.3(b),Civil Rule 90.3(b),rule,1,same section keyed with a different subsection,be calculated under the shared custody formula set forth in Civil Rule 90.3(b). Priya requests that the Court enter a child support order 
doc-0076,AS 25.20.060(a),AS 25.20.060(a),statute,1,same section keyed with a different subsection,Jurisdiction to Establish a Formal Custody Order for Lily. AS 25.20.060(a) expressly provides that if there is a dispute over child cu
doc-0076,AS 25.24.150(c),AS 25.24.150(c),statute,9,same section keyed with a different subsection,Both Parents. The statutory best interests framework under AS 25.24.150(c) strongly supports the entry of a custody order that ensures
doc-0076,AS 25.20.060(b),AS 25.20.060(b),statute,1,same section keyed with a different subsection," Before the Court and Neither Is Entitled to a Preference. AS 25.20.060(b) makes clear that neither parent, regardless of the question"
doc-0083,AS 25.20.070,AS 25.20.070,statute,2,authority not in key for this document,"cess to both parents"" while custody is under consideration. AS 25.20.070. Petitioner does not seek to limit Respondent's role in the"
doc-0083,civ 90.3(a),Civil Rule 90.3(a),rule,6,same section keyed with a different subsection, modification of the child support obligation is warranted. Civil Rule 90.3(a) governs the calculation of child support where one parent h
doc-0083,civ 90.3(h),Civil Rule 90.3(h),rule,3,same section keyed with a different subsection,djusted annual income as defined by Civil Rule 90.3(a)(1). Civil Rule 90.3(h) permits modification of a final child support award upon a 
doc-0086,AS 25.20.110(a),AS 25.20.110(a),statute,3,authority not in key for this document,"sting order and satisfies the threshold showing required by AS 25.20.110(a). AS 25.20.110(a) states that an award of custody ""may be m"
doc-0086,AS 25.20.070,AS 25.20.070,statute,5,authority not in key for this document,"p with both parents. 4. Equal Access to Both Parents Under AS 25.20.070. AS 25.20.070 mandates that the child shall have, to the g"
doc-0087,AS 25.24.150(c),AS 25.24.150(c),statute,8,authority not in key for this document,"l to the welfare of the child considering the factors under AS 25.24.150(c), ""the child shall have, to the greatest degree practical, e"
doc-0087,263 P.3d 49,"Nelson v. Nelson, 263 P.3d 49 (Alaska 2011)",case,4,authority not in key for this document,"en's best interests. The Alaska Supreme Court recognized in Nelson v. Nelson, 263 P.3d 49 (Alaska 2011), that a change in circumstances must be measured relative t"
doc-0088,AS 25.20.948(a),AS 25.20.948(a),statute,1,same section keyed with a different subsection,"ld's safety and best interests. III. LEGAL STANDARD Under AS 25.20.948(a), a custody award may be modified if the court determines th"
doc-0088,AS 25.20.110,AS 25.20.110,statute,1,same section keyed with a different subsection,"erm is typically defined, the broader principle embedded in AS 25.20.110 is that post-order criminal conduct bearing on child safety"
doc-0088,AS 25.24.150(j),AS 25.24.150(j),statute,1,same section keyed with a different subsection,ka law and the protective purpose of the custody statutes. AS 25.24.150(j) provides that where a court finds a parent has a history of
doc-0088,329 P.3d 202,"Kristina B. v. Edward B., 329 P.3d 202 (Alaska 2014)",case,2,authority not in key for this document,"ah's substance abuse has endangered the child. The court in Kristina B. v. Edward B., 329 P.3d 202 (Alaska 2014), recognized that a parent's pattern of substance abuse may "
doc-0090,AS 25.24.150(c),AS 25.24.150(c),statute,6,authority not in key for this document,"inuing relationship between the other parent and the child. AS 25.24.150(c). Throughout the custody evaluation period, the child is en"
doc-0091,AS 25.20.090,AS 25.20.090,statute,2,same section keyed with a different subsection,"other factors the court considers pertinent. Additionally, AS 25.20.090 sets out factors specific to shared custody determinations,"
doc-0092,117 P.3d 711,"Chesser-Witmer v. Chesser, 117 P.3d 711 (Alaska 2005)",case,1,authority not in key for this document,"der was premised. As the Alaska Supreme Court recognized in Chesser-Witmer v. Chesser, 117 P.3d 711 (Alaska 2005), a military transfer and the resulting geographic separatio"
doc-0093,AS 25.24.150(c),AS 25.24.150(c),statute,7,authority not in key for this document,"MODIFICATION IS IN THE BEST INTERESTS OF THE CHILDREN UNDER AS 25.24.150(c). Once the change-in-circumstances threshold is met, the co"
doc-0096,AS 25.20.110(a),AS 25.20.110(a),statute,4,authority not in key for this document, or visitation order is a showing of changed circumstances. AS 25.20.110(a). Alaska courts have consistently recognized that a parent's
doc-0096,civ 90.3(g),Civil Rule 90.3(g),rule,3,same section keyed with a different subsection,S UNILATERAL RELOCATION CREATED THE TRANSPORTATION BURDEN. Civil Rule 90.3(g) provides that after determining an award of child support u
doc-0099,AS 25.24.150(d),AS 25.24.150(d),statute,1,same section keyed with a different subsection,"t is not the legal standard for custody modification. Under AS 25.24.150(d), ""the court may consider only those facts that directly aff"
doc-0099,AS 25.20.070,AS 25.20.070,statute,3,authority not in key for this document,"n would impose on Declan. d. Equal Access to Both Parents AS 25.20.070 provides that the child shall have, ""to the greatest degree"
doc-0100,AS 25.20.070,AS 25.20.070,statute,2,authority not in key for this document,"ence for children having meaningful access to both parents. AS 25.20.070 provides that, absent a showing of detriment, the child sha"
doc-0100,AS 25.20.090(6),AS 25.20.090(6),statute,1,same section keyed with a different subsection,ilitate the Other Parent's Relationship with the Children. AS 25.20.090(6)(E) requires consideration of each parent's willingness and 
doc-0100,civ 90.3(f),Civil Rule 90.3(f)(1),rule,2,same section keyed with a different subsection,"rely within the definition of shared physical custody under Civil Rule 90.3(f)(1), which provides that shared physical custody means the chil"
doc-0103,AS 25.20.110(a),AS 25.20.110(a),statute,5,authority not in key for this document,NKS CONSTITUTES A SUBSTANTIAL CHANGE IN CIRCUMSTANCES UNDER AS 25.20.110(a). Father's decision to accept a job transfer and relocate f
doc-0104,AS 25.20.060,AS 25.20.060,statute,1,same section keyed with a different subsection,"conduct a best-interests analysis under AS 25.24.150(c) and AS 25.20.060, and enter a modified custody order designating Renee as th"
doc-0110,AS 25.24.150(c),AS 25.24.150(c),statute,6,same section keyed with a different subsection,the proposed modification serves Mia's best interests under AS 25.24.150(c). Elena submits that replacing the geographically unworkable
doc-0110,311 P.3d 1052,"Harris v. Governale, 311 P.3d 1052 (Alaska 2013)",case,1,authority not in key for this document,"d long-distance parenting arrangements in comparable cases. Harris v. Governale, 311 P.3d 1052 (Alaska 2013) illustrates that courts may allocate parenting time in bloc"
doc-0112,AS 25.24.150(c),AS 25.24.150(c)(1),statute,6,same section keyed with a different subsection,"motional, mental, religious, and social needs of the child. AS 25.24.150(c)(1). Children ages 8 and 11 are squarely within the years of co"
doc-0112,180 P.3d 948,"Blanton v. Yourkowski, 180 P.3d 948 (Alaska 2008)",case,1,authority not in key for this document,"ren as an important element of the best-interests analysis. Blanton v. Yourkowski, 180 P.3d 948 (Alaska 2008). Availability is not merely a scheduling matter; it reflect"
doc-0113,AS 25.20.061,AS 25.20.061,statute,2,authority not in key for this document,"cluding supervision requirements, in defined circumstances. AS 25.20.061 identifies specific grounds for conditioning visitation, mo"
doc-0113,AS 25.20.090(6),AS 25.20.090(6),statute,1,same section keyed with a different subsection,'s school and the feasibility of travel between households. AS 25.20.090(6)(B) and (6)(C). His employment as a licensed electrician pro
doc-0117,civ 90.3(b),Civil Rule 90.3(b),rule,1,same section keyed with a different subsection,"n accordance with Civil Rule 90.3(a) and, where applicable, Civil Rule 90.3(b), to reflect the modified physical custody arrangement and t"
doc-0117,263 P.3d 49,"Nelson v. Nelson, 263 P.3d 49 (Alaska 2011)",case,2,authority not in key for this document,"e in circumstances warranting review of the existing order. Nelson v. Nelson, 263 P.3d 49 (Alaska 2011); Hayes v. Hayes, 922 P.2d 896 (Alaska 1996). Once a substa"
doc-0119,AS 25.20.110(a),AS 25.20.110(a),statute,4,authority not in key for this document,ant change in circumstances since entry of the prior order. AS 25.20.110(a). The Alaska Supreme Court has recognized that a parent's re
doc-0119,AS 25.24.150(c),AS 25.24.150(c),statute,5,authority not in key for this document,"MODIFICATION IS IN THE BEST INTERESTS OF THE CHILDREN UNDER AS 25.24.150(c). Once a change in circumstances has been established, the "
doc-0120,AS 25.20.110(a),AS 25.20.110(a),statute,5,authority not in key for this document,t must enter on the record its reason for the modification. AS 25.20.110(a). The best interests of the child are evaluated under the m
doc-0120,AS 25.24.150(c),AS 25.24.150(c),statute,8,authority not in key for this document,ffects the child's well-being; and other pertinent factors. AS 25.24.150(c). The Alaska Supreme Court has made clear that a custodial 
doc-0120,259 P.3d 447,"Rego v. Rego, 259 P.3d 447 (Alaska 2011)",case,2,authority not in key for this document,"ange in circumstances warranting modification. The Court in Rego v. Rego, 259 P.3d 447 (Alaska 2011), recognized that when a parent's relocation makes equal or "
doc-0122,AS 18.66.100(c),AS 18.66.100(c)(2),statute,10,same section keyed with a different subsection,"elief, each of which is expressly authorized: First, under AS 18.66.100(c)(2), the court should prohibit Brandon from telephoning, contac"
doc-0122,civ 65(b),Civil Rule 65(b),rule,2,authority not in key for this document,"ssages of March 5, 2025, clearly establish probable cause. Civil Rule 65(b) further supports ex parte relief where specific facts estab"
doc-0122,evid 505(a),Alaska R. Evid. 505(a)(2),rule,2,same section keyed with a different subsection,"of one spouse against the other spouse. Additionally, under Alaska R. Evid. 505(a)(2)(D)(v), no privilege applies in a proceeding involving a cri"
doc-0125,AS 18.66.998(a),AS 18.66.998(a),statute,1,same section keyed with a different subsection, that such an order is necessary to protect the petitioner. AS 18.66.998(a). A petitioner appearing without an attorney in a domestic 
doc-0125,AS 18.66.110,AS 18.66.110,statute,1,same section keyed with a different subsection, violence protective order proceeding under AS 18.66.100 or AS 18.66.110 may submit her mailing address and telephone number on a se
doc-0129,AS 18.66.100,AS 18.66.100,statute,6,same section keyed with a different subsection,"issues arising from a petition for a protective order under AS 18.66.100, 18.66.180."" This prohibition is absolute. Mediation is who"
doc-0130,AS 18.66.110,AS 18.66.110,statute,4,same section keyed with a different subsection,suance of the order is necessary to protect the petitioner. AS 18.66.110. A petitioner may file a petition for a protective order i
doc-0130,evid 505(b),Alaska R. Evid. 505(b)(2),rule,1,same section keyed with a different subsection,"by or on behalf of one spouse against the other spouse, and Alaska R. Evid. 505(b)(2)(A) provides that the confidential marital communications pr"
doc-0132,AS 18.66.100,AS 18.66.100,statute,8,same section keyed with a different subsection,"omestic Violence Against Tomas Okafor Within the Meaning of AS 18.66.100, and the Preponderance of the Evidence Supports Issuance of"
doc-0132,civ 65(e),Civil Rule 65(e),rule,1,authority not in key for this document,"afor From Threatening, Harassing, or Harming Tomas Okafor. Civil Rule 65(e) authorizes the presiding judge of each judicial district to"
doc-0134,AS 18.66.100(c),AS 18.66.100(c)(1),statute,13,same section keyed with a different subsection,"nt. An ex parte order may grant the protections provided by AS 18.66.100(c)(1) through (5), (8) through (12), and (16). Additionally, AS "
doc-0134,AS 18.66.990(3),AS 18.66.990(3),statute,2,same section keyed with a different subsection,"'s conduct constitutes a crime involving domestic violence. AS 18.66.990(3) defines ""domestic violence"" to mean, in relevant part, a cr"
doc-0134,AS 18.66.110(a),AS 18.66.110(a),statute,1,authority not in key for this document,"e, an ex parte protective order be issued immediately under AS 18.66.110(a) pending the noticed hearing, to protect the Petitioner from"
doc-0135,AS 18.66.100,AS 18.66.100,statute,4,same section keyed with a different subsection,"ary protective orders including orders for protection under AS 18.66.100 through 18.66.180, orders directing one spouse to vacate th"
doc-0135,352 P.3d 419,"Sarah D. v. John D., 352 P.3d 419 (Alaska 2015)",case,2,authority not in key for this document,"household member. As the Alaska Supreme Court recognized in Sarah D. v. John D., 352 P.3d 419 (Alaska 2015), even non-weapon physical conduct directed at a household m"
doc-0138,AS 18.66.100,AS 18.66.100,statute,4,same section keyed with a different subsection,"idence, making them household members within the meaning of AS 18.66.100. The injury Renee sustained, a laceration above her left ey"
doc-0138,AS 18.66.130(a),AS 18.66.130(a),statute,1,same section keyed with a different subsection,"andard under AS 18.66.100(b). Furthermore, as noted above, AS 18.66.130(a) confirms that any invitation by Renee to Sarah to communica"
doc-0140,civ 65.1,Civil Rule 65.1,rule,1,authority not in key for this document,er's contact information on a confidential form pursuant to Civil Rule 65.1; and 5. Include in any protective order issued the require
doc-0141,AS 18.66.100(c),AS 18.66.100(c),statute,13,same section keyed with a different subsection,ad authority to fashion appropriate protective relief under AS 18.66.100(c) once the threshold showing has been made. B. THE RELIEF RE
doc-0143,AS 18.66.100,AS 18.66.100,statute,3,same section keyed with a different subsection,"Renee now petitions this Court for a protective order under AS 18.66.100 directing Wesley to vacate the residence, prohibiting him f"
doc-0145,AS 18.66.100(c),AS 18.66.100(c)(3),statute,11,same section keyed with a different subsection,e Court Should Order Maria to Vacate the Shared Residence. AS 18.66.100(c)(3) authorizes the court to remove and exclude the respondent f
doc-0145,civ 65.1,Civil Rule 65.1,rule,1,authority not in key for this document,"Anchorage, making this Court the proper venue. Pursuant to Civil Rule 65.1, because Priya is appearing pro se, she may submit her mail"
doc-0146,AS 18.66.100(c),AS 18.66.100(c)(1),statute,11,same section keyed with a different subsection,"ex parte order may include the protections authorized under AS 18.66.100(c)(1) through (5), (8) through (12), and (16), and expires within"
doc-0146,AS 18.66.100(b),AS 18.66.100(b),statute,1,same section keyed with a different subsection,"nd March 9, 2025 satisfies the preponderance standard under AS 18.66.100(b). Physical strangulation, forcible shoving, and a death thre"
doc-0146,AS 18.66.100,AS 18.66.100,statute,5,same section keyed with a different subsection,s. The conduct therefore falls squarely within the scope of AS 18.66.100. B. THE COURT SHOULD PROHIBIT ALL CONTACT BETWEEN MICHAEL 
doc-0149,AS 18.66.100,AS 18.66.100,statute,4,same section keyed with a different subsection,"t whom a domestic violence protective order may issue under AS 18.66.100. On October 3, 2024, during an argument about household fi"
doc-0151,AS 18.66.999(2),AS 18.66.999(2),statute,1,same section keyed with a different subsection," Exclusion from the Residence, and a Distance Restriction. AS 18.66.999(2) authorizes the Court to prohibit the respondent from teleph"
doc-0151,AS 18.66.100(c),AS 18.66.100(c)(3),statute,9,same section keyed with a different subsection,onic communication is therefore appropriate and necessary. AS 18.66.100(c)(3) authorizes the Court to remove and exclude the respondent f
doc-0152,AS 18.66.956(1),AS 18.66.956(1),statute,1,same section keyed with a different subsection," Strane, 61 P.3d 1284 (Alaska 2003), that the provisions of AS 18.66.956(1) through (7) set out distinct and enforceable categories of "
doc-0152,AS 18.66.100(c),AS 18.66.100(c)(3),statute,10,same section keyed with a different subsection,"RING SARAH BERGSTROM TO VACATE THE MARITAL RESIDENCE Under AS 18.66.100(c)(3), a protective order may ""remove and exclude the respondent "
doc-0152,AS 25.24.140(b),AS 25.24.140(b)(3),statute,3,authority not in key for this document," residence is both authorized and necessary. Additionally, AS 25.24.140(b)(3) expressly authorizes the court, during the pendency of a fa"
doc-0152,civ 65.1,Civil Rule 65.1,rule,2,authority not in key for this document,ct information on a separate protected form consistent with Civil Rule 65.1. H. THE STANDING PRELIMINARY INJUNCTION UNDER CIVIL RULE 6
doc-0153,AS 18.66.100(c),AS 18.66.100(c)(1),statute,8,same section keyed with a different subsection,"ska 2018), the court confirmed that protective relief under AS 18.66.100(c)(1), prohibiting the respondent from threatening or committing "
doc-0154,AS 18.66.100(c),AS 18.66.100(c)(1),statute,14,same section keyed with a different subsection,ourt Should Prohibit All Contact Between Brandon and Elena AS 18.66.100(c)(1) authorizes this Court to prohibit Brandon from threatening 
doc-0154,AS 18.66.100,AS 18.66.100,statute,2,same section keyed with a different subsection,"titioner seeking a domestic violence protective order under AS 18.66.100 or 18.66.110, may submit her mailing address and telephone "
doc-0160,AS 18.66.100,AS 18.66.100,statute,5,same section keyed with a different subsection,titioner seeking a domestic violence protective order under AS 18.66.100 or AS 18.66.110 may submit her mailing address and telephon
doc-0160,civ 65.1,Civil Rule 65.1,rule,1,authority not in key for this document,"e court. Petitioner further requests that, consistent with Civil Rule 65.1, her mailing address and telephone number be maintained on "
doc-0162,civ 90.3,Civil Rule 90.3,rule,3,same section keyed with a different subsection,a 1997). Such a change is presumed when recalculation under Civil Rule 90.3 yields a figure more than 15 percent greater or less than t
doc-0162,934 P.2d 753,"Bunn v. House, 934 P.2d 753 (Alaska 1997)",case,1,authority not in key for this document,"ion of child support is a material change of circumstances. Bunn v. House, 934 P.2d 753 (Alaska 1997). Such a change is presumed when recalculation under Civil R"
doc-0164,civ 90.3(f),Civil Rule 90.3(f)(1),rule,2,same section keyed with a different subsection,"gement no longer qualifies as shared physical custody under Civil Rule 90.3(f)(1), which defines shared physical custody as the children resi"
doc-0169,civ 90.3(a),Civil Rule 90.3(a),rule,12,same section keyed with a different subsection,acing Tomas firmly within the primary custody formula under Civil Rule 90.3(a) rather than any shared-custody calculation. A recalculatio
doc-0169,921 P.2d 628,"Berkbigler v. Berkbigler, 921 P.2d 628 (Alaska 1996)",case,2,authority not in key for this document," to overcome that presumption. The Alaska Supreme Court in Berkbigler v. Berkbigler, 921 P.2d 628 (Alaska 1996), held that an obligor parent who experiences an increase in"
doc-0170,civ 90.3(a),Civil Rule 90.3(a)(4),rule,10,same section keyed with a different subsection,f age to whom the parents owe a joint legal responsibility. Civil Rule 90.3(a)(4)(E). The Alaska Supreme Court has confirmed that a material
doc-0171,AS 25.27.062(a),AS 25.27.062(a)(2),statute,1,same section keyed with a different subsection,at the modification will result in an increased obligation. AS 25.27.062(a)(2). V. CONCLUSION The record establishes that a material ch
doc-0171,civ 90.3(a),Civil Rule 90.3(a)(2),rule,9,same section keyed with a different subsection,"dues, and mandatory retirement contributions, among others. Civil Rule 90.3(a)(2) then multiplies the adjusted annual income of the non-custo"
doc-0173,AS 25.27.062(a),AS 25.27.062(a)(2),statute,1,same section keyed with a different subsection,"g for support must contain an income withholding order, and AS 25.27.062(a)(2) specifies that the income withholding order must provide fo"
doc-0173,934 P.2d 753,"Bunn v. House, 934 P.2d 753 (Alaska 1997)",case,1,authority not in key for this document," independently sufficient material change of circumstances. Bunn v. House, 934 P.2d 753 (Alaska 1997). B. The Correct Formula Is Now Civil Rule 90.3(a), Not Civ"
doc-0175,AS 25.27.060(c),AS 25.27.060(c),statute,4,authority not in key for this document, order must include a medical support order consistent with AS 25.27.060(c). That statute requires the Court or agency to issue a medic
doc-0175,AS 25.27.905(a),AS 25.27.905(a),statute,1,same section keyed with a different subsection,ort must contain an income withholding order as required by AS 25.27.905(a). That provision mandates that a support order include an in
doc-0175,AS 25.27.062,AS 25.27.062,statute,1,same section keyed with a different subsection,ion of a mandatory income withholding order consistent with AS 25.27.062. Modification of the 2021 order is necessary and proper un
doc-0175,civ 90.3(a),Civil Rule 90.3(a),rule,10,same section keyed with a different subsection,he calculation method depends upon the custody arrangement. Civil Rule 90.3(a) applies where one parent holds primary physical custody and
doc-0176,civ 972(a),Civil Rule 972(a),rule,1,same section keyed with a different subsection,"increased earnings are applied to the formula prescribed by Civil Rule 972(a), the resulting support obligation exceeds the current order"
doc-0176,civ 90.3(a),Civil Rule 90.3(a),rule,13,same section keyed with a different subsection, circumstances when the support obligation calculated under Civil Rule 90.3(a) differs from the outstanding order by more than fifteen per
doc-0178,civ 90.3(a),Civil Rule 90.3(a)(2),rule,18,same section keyed with a different subsection," children. For two children, that percentage is 27 percent. Civil Rule 90.3(a)(2)(B). Where parents share physical custody, Civil Rule 90.3(b"
doc-0179,AS 25.24.976(a),AS 25.24.976(a),statute,1,same section keyed with a different subsection,"ified upon a showing of a material change in circumstances. AS 25.24.976(a) provides that ""any time after judgment the court, upon the "
doc-0179,AS 25.24.170,AS 25.24.170,statute,1,same section keyed with a different subsection,"R SHOULD BE EFFECTIVE AS OF THE DATE OF THIS MOTION. Under AS 25.24.170, the Court retains continuing jurisdiction to modify suppor"
doc-0180,AS 25.24.170(a),AS 25.24.170(a),statute,3,same section keyed with a different subsection,r requires a showing of a material change in circumstances. AS 25.24.170(a). Three independent and compounding changes in circumstances
doc-0180,civ 90.3(f),Civil Rule 90.3(f),rule,2,same section keyed with a different subsection,"ly decreased to approximately 30 percent of the time. Under Civil Rule 90.3(f), this arrangement no longer qualifies as shared physical cu"
doc-0181,civ 90.3,Civil Rule 90.3,rule,5,same section keyed with a different subsection,"ablished, the court recalculates support in accordance with Civil Rule 90.3. Civil Rule 90.3(a) governs cases of primary physical custo"
doc-0181,civ 90.3(f),Civil Rule 90.3(f),rule,1,same section keyed with a different subsection, from the shared physical custody category altogether under Civil Rule 90.3(f) and placing Priya squarely in the role of primary physical 
doc-0182,AS 25.24.170(a),AS 25.24.170(a),statute,1,same section keyed with a different subsection,as occurred since the entry of the 2021 support order under AS 25.24.170(a); 2. Order both parties to submit updated DR-305 financial 
doc-0182,297 P.3d 132,"Swaney v. Granger, 297 P.3d 132 (Alaska 2013)",case,1,authority not in key for this document,"n a material change in circumstances has been demonstrated. Swaney v. Granger, 297 P.3d 132 (Alaska 2013). Jennifer has benefited from the lower support obligation d"
doc-0189,civ 978(b),Civil Rule 978(b),rule,1,same section keyed with a different subsection,"rcumstances, the Court calculated child support pursuant to Civil Rule 978(b), which governs shared physical custody arrangements. Since"
doc-0189,civ 90.3(a),Civil Rule 90.3(a),rule,13,same section keyed with a different subsection,"alculation framework has shifted from Civil Rule 90.3(b) to Civil Rule 90.3(a), or at minimum requires a recalculation under the shared cu"
doc-0189,civ 90.3(f),Civil Rule 90.3(f),rule,3,same section keyed with a different subsection,ified period of at least the minimum threshold set forth in Civil Rule 90.3(f). When actual custodial time has shifted beyond that thresho
doc-0190,AS 25.24.170,AS 25.24.170,statute,3,authority not in key for this document,"ir respective abilities to pay. III. LEGAL STANDARD Under AS 25.24.170, a court may, upon motion of either party, set aside, alter"
doc-0190,civ 90.3(h),Civil Rule 90.3(h)(1),rule,6,same section keyed with a different subsection,"r requires a showing of a material change in circumstances. Civil Rule 90.3(h)(1) provides the standard for such modifications, stating that "
doc-0193,civ 90.3(a),Civil Rule 90.3(a)(2),rule,12,same section keyed with a different subsection,"e to recalculate the correct child support obligation under Civil Rule 90.3(a)(2)(B), affirming that current, verified income is the appropri"
doc-0194,civ 90.3,Civil Rule 90.3,rule,3,same section keyed with a different subsection,"pplied to the Alaska Child Support Guidelines formula under Civil Rule 90.3, produces a child support obligation materially different f"
doc-0195,AS 25.20.110(a),AS 25.20.110(a),statute,4,authority not in key for this document,The threshold inquiry for any modification proceeding under AS 25.20.110(a) is whether a change in circumstances has occurred since the
doc-0198,AS 25.27.062,AS 25.27.062,statute,1,same section keyed with a different subsection,ldren; 4. Entering an income withholding order pursuant to AS 25.27.062 to ensure timely payment of the modified support obligation
doc-0198,civ 90.3(b),Civil Rule 90.3(b),rule,3,same section keyed with a different subsection,"the guidelines. This matters because Civil Rule 90.3(a) and Civil Rule 90.3(b) employ different formulas, and the distinction between prim"
doc-0200,civ 90.3(a),Civil Rule 90.3(a)(4),rule,8,same section keyed with a different subsection,tential income where a parent is voluntarily underemployed. Civil Rule 90.3(a)(4). IV. ARGUMENT A. THE CHANGE IN CUSTODY ARRANGEMENT FROM S
