doc_id,cite,type,canonical,exists,injected,overcaptured_key_string,outcome,reason,context
doc-0011,AS 25.24.969,statute,AS 25.24.969,False,fabricated_statute,False,lenient_hit,subsection differs,
doc-0016,AS 25.24.908,statute,AS 25.24.908,False,fabricated_statute,False,lenient_hit,subsection differs,
doc-0016,AS 25.24.905,statute,AS 25.24.905,False,fabricated_statute,False,lenient_hit,subsection differs,
doc-0016,AS 25.24.986,statute,AS 25.24.986,False,fabricated_statute,False,lenient_hit,subsection differs,
doc-0017,AS 25.24.987,statute,AS 25.24.987,False,fabricated_statute,False,lenient_hit,subsection differs,
doc-0017,AS 25.24.905,statute,AS 25.24.905,False,fabricated_statute,False,lenient_hit,subsection differs,
doc-0023,AS 25.24.919,statute,AS 25.24.919,False,fabricated_statute,False,lenient_hit,subsection differs,
doc-0028,AS 25.24.905,statute,AS 25.24.905,False,fabricated_statute,False,lenient_hit,subsection differs,
doc-0028,AS 25.24.930,statute,AS 25.24.930,False,fabricated_statute,False,lenient_hit,subsection differs,
doc-0031,AS 25.24.987,statute,AS 25.24.987,False,fabricated_statute,False,lenient_hit,subsection differs,
doc-0031,AS 25.24.929,statute,AS 25.24.929,False,fabricated_statute,False,lenient_hit,subsection differs,
doc-0032,AS 25.24.917,statute,AS 25.24.917,False,fabricated_statute,False,lenient_hit,subsection differs,
doc-0034,Civil Rule 946,rule,civ 946,False,fabricated_rule,False,lenient_hit,subsection differs,
doc-0040,AS 25.24.964,statute,AS 25.24.964,False,fabricated_statute,False,lenient_hit,subsection differs,
doc-0088,AS 25.20.948,statute,AS 25.20.948,False,fabricated_statute,False,lenient_hit,subsection differs,
doc-0125,AS 18.66.998,statute,AS 18.66.998,False,fabricated_statute,False,lenient_hit,subsection differs,
doc-0125,AS 18.66.110(a),statute,AS 18.66.110(a),True,genuine,False,lenient_hit,subsection differs,
doc-0151,AS 18.66.999,statute,AS 18.66.999,False,fabricated_statute,False,lenient_hit,subsection differs,
doc-0152,AS 18.66.956,statute,AS 18.66.956,False,fabricated_statute,False,lenient_hit,subsection differs,
doc-0175,AS 25.27.905,statute,AS 25.27.905,False,fabricated_statute,False,lenient_hit,subsection differs,
doc-0175,AS 25.27.062(a),statute,AS 25.27.062(a),True,genuine,False,lenient_hit,subsection differs,
doc-0176,Civil Rule 972,rule,civ 972,False,fabricated_rule,False,lenient_hit,subsection differs,
doc-0179,AS 25.24.976,statute,AS 25.24.976,False,fabricated_statute,False,lenient_hit,subsection differs,
doc-0179,AS 25.24.170(a),statute,AS 25.24.170(a),True,genuine,False,lenient_hit,subsection differs,
doc-0189,Rule 978,rule,civ 978,False,fabricated_rule,False,lenient_hit,subsection differs,
